{"Fidelity_baseline_simulator": 0.9110448217886312, "Fidelity_baseline_real": 0.9010413144597419, "Fidelity_qubit_reuse_simulator": 0.9381761780285254, "Fidelity_qubit_reuse_real": 0.4489302696456745}